first_name,last_name,email,stage,phone,company,probability,stage
Herby,Laxon,hlaxon0@alibaba.com,diligence,,InnoZ,35,Diligence
Leanora,Collet,lcollet1@shutterfly.com,diligence,,InnoZ,10,Diligence
Florina,Gammage,fgammage2@canalblog.com,lead,,InnoZ,20,Lead
Amii,Hollingshead,ahollingshead3@cbslocal.com,contacted,,Kwilith,0,Contacted
Estelle,Farens,efarens4@instagram.com,contacted,,Kwilith,35,Contacted
Lurlene,Kiehnlt,lkiehnlt5@narod.ru,closed,,Buzzbean,0,Closed
Angel,Cannop,acannop6@discuz.net,diligence,+420 (434) 856-0615,Rhynoodle,0,Diligence
Shela,O'Scandall,soscandall7@ebay.co.uk,lead,,Yakitri,0,Lead
Leoine,Clowser,lclowser8@jalbum.net,rejected,+86 (288) 506-7504,Kwilith,0,Rejected
Vonni,Aviss,vaviss9@webeden.co.uk,diligence,+53 (724) 110-7053,Aibox,40,Diligence
Natala,Attwoul,nattwoula@slashdot.org,diligence,,,0,Diligence
Constancia,Guerin,cguerinb@va.gov,rejected,,InnoZ,0,Rejected
Jeannette,Kares,jkaresc@hubpages.com,diligence,,,0,Diligence
Caritta,Warrender,cwarrenderd@tiny.cc,rejected,+231 (217) 121-9367,,0,Rejected
Husein,Solano,hsolanoe@newyorker.com,rejected,+55 (818) 976-0642,,0,Rejected
Verne,Blaze,vblazef@google.de,lead,,,0,Lead
Olga,Jackling,ojacklingg@google.com.br,closed,,,105,Closed
Doretta,Sorby,dsorbyh@chicagotribune.com,closed,,,0,Closed
Desdemona,Alway,dalwayi@deliciousdays.com,rejected,,Npath,0,Rejected
Ephrayim,Barcroft,ebarcroftj@smugmug.com,closed,,Skaboo,75,Closed
Bertrando,Zouch,bzouchk@networksolutions.com,diligence,,,0,Diligence
Constance,Shoard,cshoardl@guardian.co.uk,diligence,+86 (743) 575-6047,Kwilith,10,Diligence
Gerianna,Delooze,gdeloozem@nbcnews.com,closed,+66 (956) 947-7393,,0,Closed
Hana,Smail,hsmailn@google.com.au,lead,,,0,Lead
Bellina,Georgiades,bgeorgiadeso@mac.com,closed,,,0,Closed
Adolphe,Bote,abotep@chron.com,rejected,+86 (962) 139-4682,,0,Rejected
Ferrell,Mathissen,fmathissenq@nps.gov,contacted,,,0,Contacted
Gail,Bresnahan,gbresnahanr@state.gov,closed,+7 (782) 142-4943,,75,Closed
Josephina,Gallelli,jgallellis@tinyurl.com,rejected,+63 (917) 881-2722,Zoomlounge,0,Rejected
Gustie,Fallow,gfallowt@mozilla.org,rejected,,Zoomdog,100,Rejected
Daniella,Pallasch,dpallaschu@mapquest.com,lead,,,0,Lead
Mychal,Cisneros,mcisnerosv@dailymotion.com,lead,,,0,Lead
Merralee,Richin,mrichinw@tiny.cc,rejected,+63 (300) 961-7664,Kwilith,0,Rejected
Hamel,Wilkin,hwilkinx@sbwire.com,diligence,+57 (227) 708-2726,,45,Diligence
Beale,Chastagnier,bchastagniery@cnbc.com,contacted,,,95,Contacted
Parke,Behnke,pbehnkez@google.ru,lead,+57 (176) 375-7514,Oba,25,Lead
Daron,Concannon,dconcannon10@tinypic.com,rejected,,Meevee,0,Rejected
Haleigh,Idale,hidale11@home.pl,lead,,,0,Lead
Culver,Ast,cast12@vk.com,closed,,InnoZ,60,Closed
Northrop,Routhorn,nrouthorn13@google.co.uk,closed,,,105,Closed
Gabe,Radford,gradford14@over-blog.com,diligence,+7 (579) 718-4440,Kwilith,0,Diligence
Belvia,Bovey,bbovey15@sohu.com,lead,,,0,Lead
Leonie,Mattisssen,lmattisssen16@wikimedia.org,closed,,,0,Closed
Dido,Ripping,dripping17@abc.net.au,diligence,,,0,Diligence
Aloisia,Kelloway,akelloway18@cpanel.net,lead,,,0,Lead
Sisely,Pfiffer,spfiffer19@yahoo.co.jp,closed,,,0,Closed
Rennie,Dermot,rdermot1a@pbs.org,rejected,+86 (220) 145-9095,Tagchat,5,Rejected
Allianora,Spours,aspours1b@delicious.com,contacted,,Roombo,0,Contacted
Forester,Edmondson,fedmondson1c@statcounter.com,contacted,,,0,Contacted
Osmund,O'Dee,oodee1d@miibeian.gov.cn,diligence,,InnoZ,0,Diligence
Delphine,Culwen,dculwen1e@deviantart.com,lead,+7 (683) 745-3935,,35,Lead
Ian,Jonsson,ijonsson1f@nationalgeographic.com,closed,+359 (841) 748-9830,Kimia,35,Closed
Ricca,Littlemore,rlittlemore1g@mediafire.com,contacted,,Geba,25,Contacted
Frederica,Peasgood,fpeasgood1h@moonfruit.com,lead,+359 (111) 317-0307,,0,Lead
Audre,Mournian,amournian1i@nba.com,contacted,,Kwilith,0,Contacted
Janek,Messenbird,jmessenbird1j@google.com.au,contacted,,,0,Contacted
Merl,Dewfall,mdewfall1k@tinyurl.com,closed,+237 (694) 416-0672,InnoZ,0,Closed
Alie,Tivolier,ativolier1l@icio.us,closed,,Voonyx,0,Closed
Lillian,Liles,lliles1m@yelp.com,closed,,Babbleset,0,Closed
Reiko,Giannoni,rgiannoni1n@alibaba.com,lead,,,0,Lead
Karlens,Castaignet,kcastaignet1o@bbb.org,closed,,,0,Closed
Violetta,Tommis,vtommis1p@etsy.com,lead,,Kwilith,0,Lead
Josefina,Zottoli,jzottoli1q@yale.edu,lead,,Thoughtstorm,0,Lead
Lorita,Mingay,lmingay1r@mashable.com,diligence,,,0,Diligence
Abeu,Jurasek,ajurasek1s@csmonitor.com,closed,,InnoZ,100,Closed
Brooke,Brudenell,bbrudenell1t@t.co,diligence,,,0,Diligence
Alix,Columbell,acolumbell1u@cornell.edu,lead,,Kwilith,0,Lead
Lyman,Dufoure,ldufoure1v@edublogs.org,closed,+62 (662) 639-6777,,30,Closed
Tuckie,Brookes,tbrookes1w@washingtonpost.com,lead,,,0,Lead
Ddene,Wallwork,dwallwork1x@dagondesign.com,closed,,,0,Closed
Abran,Brandt,abrandt1y@chronoengine.com,lead,,Gigashots,5,Lead
Dyan,Mancer,dmancer1z@cpanel.net,rejected,+31 (183) 769-0449,,15,Rejected
Richy,Lightbody,rlightbody20@craigslist.org,lead,,Kwilith,40,Lead
Augusto,Pigeon,apigeon21@ibm.com,contacted,,InnoZ,0,Contacted
Lauri,Sekulla,lsekulla22@tinyurl.com,lead,,Realbuzz,0,Lead
Davita,Kettlesting,dkettlesting23@mediafire.com,rejected,+86 (998) 384-9958,,0,Rejected
Rebbecca,Friary,rfriary24@patch.com,contacted,,,60,Contacted
Aubrey,Bohlsen,abohlsen25@sciencedirect.com,diligence,,,0,Diligence
Clea,Mathias,cmathias26@behance.net,diligence,,,0,Diligence
Josy,Cassam,jcassam27@friendfeed.com,contacted,,,0,Contacted
Vitoria,Sigmund,vsigmund28@naver.com,closed,,,0,Closed
Olympe,Burren,oburren29@scribd.com,diligence,,,65,Diligence
Johann,Penvarden,jpenvarden2a@pen.io,rejected,,InnoZ,15,Rejected
Alyssa,Skeermor,askeermor2b@reference.com,rejected,,,0,Rejected
Martie,Storrier,mstorrier2c@xrea.com,closed,,,0,Closed
Hildegaard,Argont,hargont2d@cdbaby.com,contacted,+351 (670) 840-3802,Wikizz,60,Contacted
Hardy,Thing,hthing2e@squarespace.com,lead,,Edgeify,45,Lead
Chaddy,Chismon,cchismon2f@irs.gov,contacted,,,20,Contacted
Herve,Eastment,heastment2g@typepad.com,lead,,Wikizz,0,Lead
Felic,Greswell,fgreswell2h@symantec.com,closed,,,85,Closed
Zane,Metheringham,zmetheringham2i@alexa.com,rejected,+1 (212) 846-4690,Brainlounge,80,Rejected
Isaac,Middup,imiddup2j@domainmarket.com,diligence,+55 (842) 552-0763,,0,Diligence
Addi,Bonallack,abonallack2k@live.com,lead,,,0,Lead
Aloisia,Konmann,akonmann2l@businessinsider.com,rejected,+62 (861) 548-7263,InnoZ,65,Rejected
Ailis,Reynolds,areynolds2m@smh.com.au,diligence,,,15,Diligence
Eugine,Sadler,esadler2n@msn.com,rejected,,,0,Rejected
Julietta,Phelps,jphelps2o@devhub.com,diligence,,,0,Diligence
Allayne,Hartrick,ahartrick2p@nymag.com,rejected,,,0,Rejected
Tome,Crellin,tcrellin2q@hostgator.com,lead,+62 (185) 214-2599,,40,Lead
Yoko,Hansana,yhansana2r@google.fr,contacted,+351 (344) 450-6116,,0,Contacted
Hallie,Brownbill,hbrownbill2s@uol.com.br,contacted,,,90,Contacted
Gabi,Stanbrooke,gstanbrooke2t@prlog.org,rejected,+86 (432) 621-3196,Roomm,35,Rejected
Davina,Woolaston,dwoolaston2u@delicious.com,contacted,,,50,Contacted
Druci,Dainter,ddainter2v@mit.edu,rejected,+46 (734) 980-0068,Agivu,0,Rejected
Keefe,Morphew,kmorphew2w@msu.edu,lead,+62 (722) 487-8818,Fivespan,0,Lead
Lorrin,Grigson,lgrigson2x@jimdo.com,contacted,,,0,Contacted
Gilberta,Chicchelli,gchicchelli2y@gizmodo.com,diligence,,InnoZ,5,Diligence
Lyon,Stollman,lstollman2z@twitpic.com,rejected,+880 (795) 480-9241,Realfire,0,Rejected
Deb,Chace,dchace30@comcast.net,closed,,,0,Closed
Cass,Coppeard,ccoppeard31@elegantthemes.com,closed,+82 (952) 591-7425,,105,Closed
Drusie,Pablos,dpablos32@gnu.org,contacted,,Skinder,105,Contacted
Parker,Gurney,pgurney33@4shared.com,lead,+48 (175) 529-4370,,0,Lead
Wenonah,Cockshoot,wcockshoot34@umn.edu,lead,+63 (239) 305-0809,,0,Lead
Dona,Snelman,dsnelman35@buzzfeed.com,rejected,,,0,Rejected
Lyssa,Emmins,lemmins36@spotify.com,rejected,+43 (856) 104-4898,,95,Rejected
Milena,Torrese,mtorrese37@google.com.br,closed,,,0,Closed
Devin,Ferrulli,dferrulli38@squarespace.com,diligence,,,0,Diligence
Zia,Knoles,zknoles39@purevolume.com,closed,,,0,Closed
Frances,Collishaw,fcollishaw3a@ask.com,lead,+62 (163) 839-4092,,0,Lead
Octavia,Gooble,ogooble3b@over-blog.com,closed,+351 (609) 337-2498,,0,Closed
Breena,Girvin,bgirvin3c@blog.com,lead,,,0,Lead
Esra,Shelley,eshelley3d@cloudflare.com,closed,,,45,Closed
Mathilde,Nassau,mnassau3e@phpbb.com,diligence,,,75,Diligence
Dorolisa,Behrend,dbehrend3f@cocolog-nifty.com,closed,,,0,Closed
Mendy,Wollard,mwollard3g@fastcompany.com,contacted,,Pixonyx,0,Contacted
Chevalier,Bontoft,cbontoft3h@wix.com,lead,,,95,Lead
Theda,Roger,troger3i@usda.gov,diligence,+1 (405) 508-8073,,10,Diligence
Rab,Braferton,rbraferton3j@washingtonpost.com,closed,,,85,Closed
Tiffany,Brayley,tbrayley3k@wufoo.com,lead,+46 (898) 742-0940,Dabfeed,0,Lead
Mahmoud,Coils,mcoils3l@github.io,lead,,,0,Lead
Alva,Ellerton,aellerton3m@washingtonpost.com,diligence,,,60,Diligence
Maye,Forrestall,mforrestall3n@webeden.co.uk,rejected,+48 (118) 597-7311,,10,Rejected
Carolus,Revening,crevening3o@php.net,contacted,,,45,Contacted
Aryn,Culvey,aculvey3p@hugedomains.com,contacted,+86 (446) 996-5269,,0,Contacted
Jess,Lohde,jlohde3q@prweb.com,rejected,,Tambee,0,Rejected
Kaylee,Caldicott,kcaldicott3r@nps.gov,contacted,+385 (758) 119-9932,,0,Contacted
Fabio,Dykas,fdykas3s@boston.com,diligence,+55 (976) 391-0267,Twitterbeat,0,Diligence
Berke,Scruby,bscruby3t@ucoz.com,rejected,+86 (564) 482-0572,,50,Rejected
Barbi,Blaszczynski,bblaszczynski3u@alibaba.com,lead,+86 (361) 877-5614,,0,Lead
Estell,Howle,ehowle3v@mlb.com,contacted,,,10,Contacted
Dene,Ivakhin,divakhin3w@engadget.com,closed,,Vitz,0,Closed
Melisse,Shirtcliffe,mshirtcliffe3x@issuu.com,rejected,+973 (549) 357-5515,,0,Rejected
Venus,Wheowall,vwheowall3y@narod.ru,lead,,,0,Lead
Clovis,Comello,ccomello3z@businesswire.com,rejected,+46 (687) 299-3098,,15,Rejected
Ginnie,Backs,gbacks40@marketwatch.com,closed,,,0,Closed
Alyse,Vasiljevic,avasiljevic41@google.co.jp,contacted,+62 (553) 654-6615,Yodoo,0,Contacted
Enriqueta,Yakuntsov,eyakuntsov42@geocities.jp,closed,,,0,Closed
Feliza,Dederich,fdederich43@mayoclinic.com,diligence,,,70,Diligence
Rianon,Simnell,rsimnell44@cisco.com,rejected,+420 (315) 195-0150,,10,Rejected
Isiahi,Andreaccio,iandreaccio45@ask.com,lead,,Bubbletube,55,Lead
Nisse,Gallaher,ngallaher46@gnu.org,diligence,,,5,Diligence
Nicolle,Balser,nbalser47@google.ca,rejected,,,90,Rejected
Jimmie,Truce,jtruce48@sohu.com,diligence,+54 (367) 305-7421,,65,Diligence
Elmira,Sweedy,esweedy49@foxnews.com,lead,+55 (170) 247-6667,,0,Lead
Elroy,Raft,eraft4a@discuz.net,closed,,,15,Closed
Jacob,Kirkham,jkirkham4b@cargocollective.com,diligence,+7 (878) 792-2177,,95,Diligence
North,Skilling,nskilling4c@squarespace.com,lead,+502 (419) 911-3144,,75,Lead
Georgeta,Dorrance,gdorrance4d@earthlink.net,contacted,,,0,Contacted
Patience,Wisden,pwisden4e@topsy.com,contacted,+48 (416) 184-0291,Voonder,0,Contacted
Aube,McKyrrelly,amckyrrelly4f@rakuten.co.jp,closed,,,40,Closed
Benji,Artindale,bartindale4g@wp.com,rejected,,,55,Rejected
Huey,Sweetlove,hsweetlove4h@moonfruit.com,closed,,,0,Closed
Mill,Minchell,mminchell4i@ebay.co.uk,diligence,,Jabbersphere,0,Diligence
Thadeus,Poll,tpoll4j@blogspot.com,diligence,,,0,Diligence
Kacey,Vanne,kvanne4k@gmpg.org,contacted,,,0,Contacted
Jessie,Clementet,jclementet4l@examiner.com,closed,+86 (552) 456-5379,,0,Closed
Rourke,Pleasaunce,rpleasaunce4m@nationalgeographic.com,closed,+351 (967) 548-9870,,0,Closed
Lucky,Merredy,lmerredy4n@blinklist.com,lead,,,0,Lead
Tracie,Bromell,tbromell4o@nsw.gov.au,closed,+86 (832) 882-4613,,15,Closed
Traci,Creegan,tcreegan4p@jalbum.net,contacted,+254 (411) 314-8764,,70,Contacted
Deedee,Walne,dwalne4q@illinois.edu,closed,+55 (543) 642-9930,,10,Closed
Blakelee,Waudby,bwaudby4r@phpbb.com,contacted,,,0,Contacted
Judy,Cubitt,jcubitt4s@google.com.au,lead,+976 (584) 153-9827,,75,Lead
Ronna,Marjoram,rmarjoram4t@pagesperso-orange.fr,contacted,,,85,Contacted
Candie,Thompkins,cthompkins4u@si.edu,closed,+33 (822) 638-7417,,0,Closed
Ransell,McNabb,rmcnabb4v@hc360.com,closed,,,0,Closed
Victoria,Falkous,vfalkous4w@alibaba.com,diligence,+48 (886) 748-4219,,5,Diligence
Chilton,Perritt,cperritt4x@irs.gov,closed,+86 (699) 388-7079,Yakijo,0,Closed
Grethel,McKellar,gmckellar4y@hexun.com,rejected,,,60,Rejected
Lydia,Canet,lcanet4z@fda.gov,rejected,+63 (192) 957-6316,Eidel,75,Rejected
Laina,Losebie,llosebie50@stanford.edu,rejected,,Mymm,40,Rejected
Dulcinea,Roussell,droussell51@state.tx.us,rejected,,,45,Rejected
Decca,Kieran,dkieran52@auda.org.au,closed,+46 (220) 901-1345,,0,Closed
Elfrieda,Anglim,eanglim53@mlb.com,closed,,,0,Closed
Alfreda,Box,abox54@thetimes.co.uk,lead,,,0,Lead
Conn,Verrills,cverrills55@narod.ru,closed,+7 (124) 152-8365,,45,Closed
Demetris,Bremmell,dbremmell56@wiley.com,diligence,+86 (976) 708-9534,,0,Diligence
Francene,Hards,fhards57@hp.com,diligence,,Tagcat,0,Diligence
Vally,Englishby,venglishby58@dmoz.org,contacted,,,105,Contacted
Alvina,Tucsell,atucsell59@photobucket.com,contacted,,Yombu,0,Contacted
Emyle,Seward,eseward5a@ustream.tv,contacted,+86 (755) 779-4738,,0,Contacted
Chryste,Juniper,cjuniper5b@rakuten.co.jp,rejected,+27 (644) 827-6563,,75,Rejected
Etta,Pavy,epavy5c@adobe.com,rejected,+420 (185) 216-8674,,70,Rejected
Free,Fawcitt,ffawcitt5d@dmoz.org,lead,+63 (519) 669-3388,,105,Lead
Auroora,Emlin,aemlin5e@patch.com,lead,+234 (605) 986-9259,Livetube,30,Lead
Julio,Burfield,jburfield5f@hatena.ne.jp,contacted,+55 (585) 807-2737,,0,Contacted
Katherina,Padgett,kpadgett5g@squarespace.com,diligence,+62 (124) 425-4569,,40,Diligence
Richmound,Crotty,rcrotty5h@bbc.co.uk,lead,,,0,Lead
Corbin,Swigger,cswigger5i@moonfruit.com,contacted,,,90,Contacted
Giffard,Boother,gboother5j@alibaba.com,contacted,,Tagpad,0,Contacted
Marrilee,Noor,mnoor5k@seattletimes.com,diligence,,Wikivu,0,Diligence
Fielding,Rusted,frusted5l@aboutads.info,diligence,+62 (427) 551-6049,,0,Diligence
Kenton,Horbath,khorbath5m@rediff.com,rejected,,,85,Rejected
Angela,Duke,aduke5n@discuz.net,closed,,,90,Closed
Charlotte,Newcome,cnewcome5o@jugem.jp,closed,+51 (706) 316-0420,Voolia,25,Closed
Nanci,Marsay,nmarsay5p@guardian.co.uk,lead,,,90,Lead
Craggy,Andriveaux,candriveaux5q@last.fm,diligence,,,0,Diligence
Dulcy,Illes,dilles5r@wp.com,closed,,Riffwire,0,Closed
Calley,Macknish,cmacknish5s@t.co,lead,,,55,Lead
Burgess,Linning,blinning5t@statcounter.com,lead,,,0,Lead
Correy,Moulster,cmoulster5u@hibu.com,rejected,,,0,Rejected
Wilmer,Whatmough,wwhatmough5v@wsj.com,rejected,+380 (114) 738-4986,,0,Rejected
Chiquita,Hallowell,challowell5w@earthlink.net,rejected,+57 (294) 125-6079,,0,Rejected
Charlotte,Wanderschek,cwanderschek5x@va.gov,closed,+380 (816) 501-3709,,0,Closed
Jillian,Danovich,jdanovich5y@pagesperso-orange.fr,contacted,+46 (470) 435-8032,,70,Contacted
Pearce,Widdecombe,pwiddecombe5z@gnu.org,contacted,,,0,Contacted
Roseline,Pickance,rpickance60@jugem.jp,lead,+235 (999) 704-3534,,0,Lead
Eveline,Orrah,eorrah61@meetup.com,contacted,,,90,Contacted
Nada,Eustes,neustes62@columbia.edu,diligence,+509 (707) 426-7953,,0,Diligence
Rozanna,Greenset,rgreenset63@kickstarter.com,rejected,+86 (519) 440-9007,Linkbridge,0,Rejected
Pren,Haestier,phaestier64@sitemeter.com,contacted,+30 (161) 104-2088,Wordware,0,Contacted
Charles,Melland,cmelland65@behance.net,closed,,,0,Closed
Gina,Woolforde,gwoolforde66@examiner.com,lead,+995 (169) 906-5525,,0,Lead
Bessie,Brunstan,bbrunstan67@ftc.gov,lead,,,0,Lead
Lyon,Loachhead,lloachhead68@macromedia.com,rejected,+389 (693) 742-2239,,15,Rejected
Diarmid,Corby,dcorby69@apache.org,rejected,+51 (228) 999-5024,,0,Rejected
Alon,Weson,aweson6a@yahoo.com,closed,+1 (314) 436-0511,Bubblebox,0,Closed
Calvin,Fechnie,cfechnie6b@forbes.com,rejected,,Zoomlounge,0,Rejected
Calhoun,Steinson,csteinson6c@stanford.edu,diligence,,,0,Diligence
Sisely,Wilkes,swilkes6d@tumblr.com,rejected,+420 (184) 838-0763,,0,Rejected
Woodman,Ondricek,wondricek6e@mediafire.com,rejected,,,15,Rejected
Suki,Ifill,sifill6f@telegraph.co.uk,lead,,Realbuzz,25,Lead
Hyacinthie,Phelps,hphelps6g@about.me,diligence,,,0,Diligence
Tawnya,Knaggs,tknaggs6h@addtoany.com,contacted,,Meevee,0,Contacted
Douglas,Trenchard,dtrenchard6i@twitpic.com,closed,+92 (627) 520-8108,,0,Closed
Alexa,Hawkshaw,ahawkshaw6j@exblog.jp,contacted,+358 (596) 420-8537,,0,Contacted
Laure,Nozzolii,lnozzolii6k@goo.gl,diligence,,,0,Diligence
Jakob,Targett,jtargett6l@wired.com,contacted,,Topicstorm,0,Contacted
Torrance,Garbutt,tgarbutt6m@netscape.com,contacted,,,85,Contacted
Kiley,McBrearty,kmcbrearty6n@economist.com,lead,,,0,Lead
Avrit,Jakubowsky,ajakubowsky6o@jiathis.com,rejected,,,0,Rejected
Deane,Ludgate,dludgate6p@prweb.com,diligence,,,0,Diligence
Junette,Cole,jcole6q@java.com,contacted,,,100,Contacted
Karisa,Walsh,kwalsh6r@weebly.com,lead,,,25,Lead
Stevana,Di Domenico,sdidomenico6s@angelfire.com,diligence,,Edgewire,90,Diligence
Louella,Zapatero,lzapatero6t@csmonitor.com,rejected,,Babbleblab,0,Rejected
Ariel,Breslin,abreslin6u@hubpages.com,diligence,+48 (367) 321-7622,,55,Diligence
Moselle,Nind,mnind6v@microsoft.com,rejected,+46 (345) 528-2291,,0,Rejected
Laure,Jackways,ljackways6w@trellian.com,lead,+62 (989) 295-7824,,75,Lead
Maris,Meale,mmeale6x@sbwire.com,rejected,,,0,Rejected
Nicolai,Dahlback,ndahlback6y@multiply.com,closed,+62 (164) 420-1921,Edgewire,0,Closed
Lira,Brame,lbrame6z@ucoz.ru,diligence,,,40,Diligence
Sidoney,Laffin,slaffin70@wired.com,closed,,,0,Closed
Reagen,Lefeaver,rlefeaver71@php.net,rejected,,,0,Rejected
Emeline,Scallan,escallan72@blogtalkradio.com,lead,,,0,Lead
Beryl,Josofovitz,bjosofovitz73@bravesites.com,contacted,,,0,Contacted
Merrill,Casswell,mcasswell74@usnews.com,lead,,,100,Lead
Bat,Mayling,bmayling75@amazon.co.uk,rejected,,,0,Rejected
Missy,Devonport,mdevonport76@aol.com,diligence,,,95,Diligence
Nathanael,Meldon,nmeldon77@infoseek.co.jp,diligence,,,30,Diligence
Delora,Kilmurray,dkilmurray78@jiathis.com,rejected,,,15,Rejected
Rollo,Harwood,rharwood79@imgur.com,contacted,+223 (354) 713-5082,Innotype,20,Contacted
Mal,Haszard,mhaszard7a@list-manage.com,contacted,+358 (831) 254-6707,,0,Contacted
Anna-diane,Dimitrijevic,adimitrijevic7b@nyu.edu,diligence,,,10,Diligence
Rickard,Shirland,rshirland7c@economist.com,diligence,,,0,Diligence
Forrest,Eales,feales7d@tiny.cc,contacted,,,0,Contacted
Loella,Wapol,lwapol7e@privacy.gov.au,lead,,,65,Lead
Ashbey,Aiton,aaiton7f@spiegel.de,closed,+58 (558) 675-3406,,25,Closed
Alasdair,Jope,ajope7g@bandcamp.com,lead,,Youspan,0,Lead
Brigham,Abate,babate7h@sohu.com,contacted,,,20,Contacted
Billi,Millward,bmillward7i@ovh.net,rejected,,,0,Rejected
Devondra,Peplay,dpeplay7j@dyndns.org,lead,+62 (127) 269-0413,,75,Lead
Arther,Christou,achristou7k@samsung.com,rejected,,Muxo,0,Rejected
Shandee,Hukin,shukin7l@berkeley.edu,contacted,,,0,Contacted
Janith,Loftie,jloftie7m@virginia.edu,closed,,,0,Closed
Bert,Strattan,bstrattan7n@posterous.com,rejected,,Linkbridge,0,Rejected
Ofilia,Pigrome,opigrome7o@wikispaces.com,lead,+86 (570) 220-9224,Livetube,0,Lead
Toddy,Stuckey,tstuckey7p@mediafire.com,contacted,,,0,Contacted
Nelle,Bliss,nbliss7q@google.de,rejected,,,0,Rejected
Elias,Blaxeland,eblaxeland7r@newsvine.com,diligence,+86 (986) 601-3893,,0,Diligence
Neilla,Seys,nseys7s@nhs.uk,lead,,,20,Lead
Daria,Fairlamb,dfairlamb7t@mit.edu,rejected,+86 (213) 808-7458,Zoovu,80,Rejected
Ramonda,Ollerhad,rollerhad7u@free.fr,contacted,+86 (601) 884-4071,,15,Contacted
Hannah,Bouskill,hbouskill7v@oracle.com,closed,,,0,Closed
Pearle,Gorhardt,pgorhardt7w@state.gov,closed,,,0,Closed
Wren,Romeuf,wromeuf7x@mtv.com,lead,,Youbridge,40,Lead
Clari,Folcarelli,cfolcarelli7y@scribd.com,contacted,,,0,Contacted
Brandtr,Sunshine,bsunshine7z@nymag.com,rejected,+380 (913) 949-7585,Meetz,55,Rejected
Sandra,Devil,sdevil80@pcworld.com,contacted,,,25,Contacted
Lindsay,Happel,lhappel81@reuters.com,rejected,+7 (894) 810-7975,,0,Rejected
Holmes,Trenear,htrenear82@chron.com,lead,,,40,Lead
Paola,Dalgardno,pdalgardno83@digg.com,contacted,+371 (778) 611-1736,,0,Contacted
Teodora,Truelove,ttruelove84@yelp.com,contacted,,,0,Contacted
Patrizio,Lyes,plyes85@hostgator.com,closed,,Voonder,0,Closed
Ivory,O' Donohoe,iodonohoe86@godaddy.com,rejected,,,70,Rejected
Aubine,Goreway,agoreway87@sciencedaily.com,rejected,,,20,Rejected
Aubrette,Blackmuir,ablackmuir88@paginegialle.it,closed,,Blogspan,0,Closed
Damaris,Voce,dvoce89@vistaprint.com,rejected,,Vitz,65,Rejected
Lyndell,Hiskey,lhiskey8a@gravatar.com,diligence,+351 (553) 483-6202,,0,Diligence
Earl,Hurndall,ehurndall8b@house.gov,diligence,,,0,Diligence
Anderea,Sommerland,asommerland8c@studiopress.com,lead,+55 (631) 907-6870,Yodel,0,Lead
Kristopher,Monkeman,kmonkeman8d@howstuffworks.com,lead,,,0,Lead
Tirrell,Cool,tcool8e@cargocollective.com,contacted,+212 (366) 980-4810,,0,Contacted
Ham,Stirrip,hstirrip8f@gizmodo.com,diligence,,,0,Diligence
Flossy,Quilleash,fquilleash8g@ustream.tv,closed,+63 (745) 317-8259,Jayo,0,Closed
Lucinda,Berthomieu,lberthomieu8h@forbes.com,closed,+60 (658) 144-0645,,0,Closed
Georgia,Greenmon,ggreenmon8i@facebook.com,lead,,,85,Lead
Clim,McCarron,cmccarron8j@dyndns.org,closed,,,0,Closed
Xaviera,Wendover,xwendover8k@qq.com,rejected,,,20,Rejected
Orelee,Collingham,ocollingham8l@hao123.com,closed,+261 (337) 896-2456,,0,Closed
Cally,Fitkin,cfitkin8m@mlb.com,contacted,,,0,Contacted
Brendis,Tixall,btixall8n@hp.com,rejected,,Oyoyo,5,Rejected
Charlie,Stanlake,cstanlake8o@exblog.jp,contacted,,,10,Contacted
Reinwald,Vakhrushin,rvakhrushin8p@cbsnews.com,closed,+48 (339) 409-4306,,0,Closed
Lita,Chidler,lchidler8q@newyorker.com,diligence,+387 (151) 899-6811,Geba,0,Diligence
Brandie,Rubinsztein,brubinsztein8r@google.ca,rejected,,Quimm,0,Rejected
Brit,Dellenbrok,bdellenbrok8s@ox.ac.uk,closed,,,0,Closed
Pepe,Winton,pwinton8t@dagondesign.com,diligence,,,0,Diligence
Bendicty,Mottram,bmottram8u@cornell.edu,contacted,,,0,Contacted
Barde,Donati,bdonati8v@ted.com,contacted,,,60,Contacted
Doug,Mazdon,dmazdon8w@cpanel.net,closed,+420 (120) 314-8408,,40,Closed
Doria,Pretsell,dpretsell8x@goodreads.com,diligence,+46 (498) 462-1865,,40,Diligence
Annie,Coy,acoy8y@google.com.hk,rejected,+63 (803) 769-0493,,15,Rejected
Anastassia,Benois,abenois8z@samsung.com,lead,+675 (732) 836-1158,,50,Lead
Sybille,Casetta,scasetta90@soup.io,contacted,,,0,Contacted
Chariot,Matteoli,cmatteoli91@illinois.edu,closed,+66 (978) 769-0537,,0,Closed
Masha,Skelhorn,mskelhorn92@fotki.com,rejected,,Viva,35,Rejected
Josiah,Terzza,jterzza93@devhub.com,rejected,+1 (902) 482-9638,Demivee,60,Rejected
Sherwin,Brikner,sbrikner94@qq.com,rejected,+86 (922) 791-7957,Topiczoom,0,Rejected
Dody,Turford,dturford95@usa.gov,diligence,+218 (693) 965-1544,Camido,0,Diligence
Sonia,Guinness,sguinness96@sogou.com,closed,+62 (872) 941-4544,,40,Closed
Park,Allam,pallam97@google.com.br,diligence,,,0,Diligence
Corey,Frigout,cfrigout98@last.fm,closed,,Edgetag,0,Closed
Antoni,Walkinshaw,awalkinshaw99@smugmug.com,lead,+46 (314) 846-5903,,0,Lead
Gardiner,Patty,gpatty9a@so-net.ne.jp,lead,,,0,Lead
Harrie,Lawrinson,hlawrinson9b@columbia.edu,contacted,+351 (390) 345-3716,Yadel,0,Contacted
Mikey,Balm,mbalm9c@ft.com,lead,,Voolith,0,Lead
Nickey,Dewsbury,ndewsbury9d@twitter.com,rejected,+33 (890) 705-9866,,15,Rejected
Rae,Andretti,randretti9e@jalbum.net,contacted,,Yozio,0,Contacted
Roxana,Wisden,rwisden9f@chicagotribune.com,lead,,,65,Lead
Rogerio,Bygrave,rbygrave9g@squidoo.com,rejected,,,40,Rejected
Felic,Kiddie,fkiddie9h@oaic.gov.au,diligence,,,0,Diligence
Krissy,Fleay,kfleay9i@smugmug.com,lead,+86 (807) 210-6074,,0,Lead
Wright,Ganford,wganford9j@lycos.com,diligence,,Aimbo,75,Diligence
Bordie,Giberd,bgiberd9k@cnn.com,rejected,,,0,Rejected
Rhianna,Coverley,rcoverley9l@delicious.com,closed,,,0,Closed
Zackariah,Arnaud,zarnaud9m@over-blog.com,lead,+46 (554) 720-2913,,0,Lead
Elysha,Leavold,eleavold9n@prweb.com,rejected,+30 (147) 416-6169,Mynte,0,Rejected
Ophelia,Mallion,omallion9o@wiley.com,closed,+7 (125) 309-4484,,60,Closed
Gaye,Sargeant,gsargeant9p@google.com.au,contacted,,Skinte,0,Contacted
Silvie,Padson,spadson9q@intel.com,closed,+84 (378) 894-1579,Meemm,0,Closed
Ilsa,Larver,ilarver9r@earthlink.net,diligence,,Tanoodle,55,Diligence
Dion,Durston,ddurston9s@squidoo.com,lead,+7 (994) 765-6419,Innojam,0,Lead
Jervis,Loukes,jloukes9t@bandcamp.com,closed,,,80,Closed
Meghann,Michael,mmichael9u@xinhuanet.com,closed,,,0,Closed
Aveline,Pringuer,apringuer9v@hubpages.com,contacted,+7 (675) 688-0558,,105,Contacted
Teddy,Beebis,tbeebis9w@imdb.com,rejected,+47 (175) 857-7988,,10,Rejected
Kiah,Tullett,ktullett9x@unesco.org,rejected,,,80,Rejected
Valaree,Garraway,vgarraway9y@acquirethisname.com,lead,+86 (313) 892-3156,,0,Lead
Normy,Batrip,nbatrip9z@cafepress.com,closed,,Thoughtstorm,15,Closed
Vivi,Buttner,vbuttnera0@springer.com,diligence,+380 (215) 784-2612,,0,Diligence
Beck,Heijne,bheijnea1@de.vu,closed,+62 (165) 504-8180,,0,Closed
Delmor,Skottle,dskottlea2@slideshare.net,closed,,Realcube,45,Closed
Kimberley,Dullard,kdullarda3@omniture.com,contacted,,,0,Contacted
Zachery,Jumonet,zjumoneta4@google.it,lead,+57 (289) 603-4166,Pixoboo,75,Lead
Claudio,Barthelmes,cbarthelmesa5@utexas.edu,contacted,+504 (127) 114-7016,,100,Contacted
Loretta,Scriver,lscrivera6@icq.com,diligence,,Mydeo,0,Diligence
Caryn,Form,cforma7@pinterest.com,closed,,,0,Closed
Kali,Shernock,kshernocka8@hugedomains.com,rejected,+27 (810) 682-9486,,55,Rejected
Arri,McGrirl,amcgrirla9@msn.com,contacted,+54 (746) 290-1976,,100,Contacted
Michel,Smithies,msmithiesaa@cpanel.net,closed,+86 (991) 330-9916,Meeveo,0,Closed
Malinde,O'Sheils,mosheilsab@odnoklassniki.ru,rejected,+234 (816) 269-4653,,0,Rejected
Sullivan,Kerne,skerneac@qq.com,contacted,+86 (157) 174-2758,,0,Contacted
Julianna,Tunnicliffe,jtunnicliffead@list-manage.com,lead,,,0,Lead
Myriam,Whyke,mwhykeae@dyndns.org,rejected,,,90,Rejected
Grace,Yatman,gyatmanaf@dedecms.com,contacted,,,0,Contacted
Farrell,Wasbrough,fwasbroughag@goo.gl,rejected,+966 (836) 534-4082,,45,Rejected
Ellissa,Balser,ebalserah@deviantart.com,closed,,,0,Closed
Jasmina,Whiffen,jwhiffenai@cyberchimps.com,closed,,Meevee,90,Closed
Janene,Oldroyde,joldroydeaj@redcross.org,lead,,,0,Lead
Alexis,Mueller,amuellerak@homestead.com,lead,,,0,Lead
Tobe,Cahen,tcahenal@squarespace.com,lead,,Jayo,0,Lead
Dar,Bamlett,dbamlettam@mysql.com,rejected,,,20,Rejected
Rebeka,Warbeys,rwarbeysan@list-manage.com,rejected,+380 (906) 733-0332,,0,Rejected
Klara,Greest,kgreestao@utexas.edu,diligence,,,80,Diligence
Olivero,Fesby,ofesbyap@google.com.hk,contacted,,Skinix,0,Contacted
Kipper,Chanter,kchanteraq@networkadvertising.org,contacted,,,0,Contacted
Sonni,Haslehurst,shaslehurstar@mtv.com,contacted,,,0,Contacted
Gerianne,Dungay,gdungayas@cdbaby.com,contacted,,,0,Contacted
Kareem,Spraging,kspragingat@huffingtonpost.com,lead,,Plambee,100,Lead
Shelba,Calkin,scalkinau@prnewswire.com,lead,,,0,Lead
Jackqueline,Chatburn,jchatburnav@reverbnation.com,lead,,,0,Lead
Willa,Treneer,wtreneeraw@apple.com,rejected,+86 (292) 144-4965,,0,Rejected
Lodovico,Mahy,lmahyax@mlb.com,contacted,+86 (306) 974-7088,,0,Contacted
Moshe,MacIlraith,mmacilraithay@cyberchimps.com,rejected,,,0,Rejected
Rufus,Dobrowski,rdobrowskiaz@people.com.cn,closed,,Roombo,0,Closed
Lucille,Highton,lhightonb0@digg.com,contacted,,,0,Contacted
Jammie,Mulbery,jmulberyb1@ustream.tv,closed,,,0,Closed
Odilia,Izkovici,oizkovicib2@discovery.com,diligence,+54 (236) 673-3278,,25,Diligence
Yance,Storre,ystorreb3@parallels.com,rejected,,,0,Rejected
Zelig,Blader,zbladerb4@bbc.co.uk,closed,,,45,Closed
Brigitta,Kirwin,bkirwinb5@squidoo.com,lead,+86 (542) 734-0881,,0,Lead
Sheila-kathryn,Kitching,skitchingb6@networksolutions.com,contacted,,Innojam,0,Contacted
Brande,Stiffkins,bstiffkinsb7@dyndns.org,rejected,+62 (718) 949-9458,,0,Rejected
Helena,Lindenstrauss,hlindenstraussb8@vinaora.com,rejected,+63 (205) 695-6907,,0,Rejected
Edna,Plevey,epleveyb9@nih.gov,closed,,,0,Closed
Nike,Hartles,nhartlesba@baidu.com,contacted,+595 (124) 583-9558,Browseblab,0,Contacted
Zared,Davana,zdavanabb@washingtonpost.com,diligence,+387 (729) 785-0756,Yombu,0,Diligence
Elianora,Ohlsen,eohlsenbc@nationalgeographic.com,contacted,,,70,Contacted
Mylo,Gebhardt,mgebhardtbd@comsenz.com,closed,,Flipbug,0,Closed
Junie,Mitskevich,jmitskevichbe@weibo.com,contacted,,,0,Contacted
Trenna,Mandrake,tmandrakebf@umn.edu,rejected,,,0,Rejected
Jedd,McCallam,jmccallambg@flavors.me,diligence,+57 (634) 201-4617,Gabtune,0,Diligence
Arther,Feehery,afeeherybh@bbc.co.uk,lead,,,95,Lead
Bruno,Andrez,bandrezbi@sphinn.com,closed,,,0,Closed
Thatch,McIlriach,tmcilriachbj@techcrunch.com,rejected,,,0,Rejected
Granthem,Windus,gwindusbk@issuu.com,contacted,,,0,Contacted
Kendre,Dofty,kdoftybl@cocolog-nifty.com,lead,,,95,Lead
Shalne,Kemwal,skemwalbm@sbwire.com,diligence,,,105,Diligence
Alexandros,Matic,amaticbn@ucoz.com,closed,+57 (944) 568-0571,,0,Closed
Anastassia,Shave,ashavebo@nih.gov,lead,,,0,Lead
Letta,Falkous,lfalkousbp@stumbleupon.com,rejected,,,0,Rejected
Robbyn,Grivori,rgrivoribq@mozilla.org,closed,+1 (919) 897-9448,,65,Closed
Finn,Fetter,ffetterbr@shutterfly.com,diligence,,,0,Diligence
Nikki,Barnaby,nbarnabybs@ca.gov,closed,,,25,Closed
Julius,Follett,jfollettbt@addthis.com,diligence,,,0,Diligence
Darlene,Robertson,drobertsonbu@tamu.edu,rejected,+504 (723) 482-1203,,85,Rejected
Darbie,Griggs,dgriggsbv@ow.ly,rejected,+30 (350) 907-2372,,0,Rejected
Burty,Dairton,bdairtonbw@narod.ru,contacted,,Jaxnation,0,Contacted
Pen,Ickowics,pickowicsbx@so-net.ne.jp,rejected,,,0,Rejected
Amanda,Bellfield,abellfieldby@geocities.jp,rejected,,,0,Rejected
Kylen,Blondelle,kblondellebz@census.gov,contacted,,Rhybox,105,Contacted
Letty,Roache,lroachec0@stanford.edu,lead,,,25,Lead
Orren,Fernley,ofernleyc1@paypal.com,diligence,+86 (755) 916-8933,,45,Diligence
Waverley,Ratledge,wratledgec2@nhs.uk,diligence,+62 (599) 959-6040,,70,Diligence
Kaleb,Fall,kfallc3@ask.com,contacted,,,90,Contacted
Tressa,Gamlin,tgamlinc4@wikimedia.org,closed,,,0,Closed
Quinta,Pawlyn,qpawlync5@google.fr,contacted,,,0,Contacted
Clair,Frill,cfrillc6@illinois.edu,closed,+86 (784) 167-0170,,0,Closed
Tildi,Moorhead,tmoorheadc7@sbwire.com,rejected,+1 (317) 429-5154,,0,Rejected
Magda,Borrott,mborrottc8@dailymotion.com,rejected,+63 (156) 737-5916,Rhybox,0,Rejected
Mariska,Ramsby,mramsbyc9@alexa.com,contacted,,,50,Contacted
Tonya,Wark,twarkca@yandex.ru,rejected,,,90,Rejected
Calvin,Dorin,cdorincb@ft.com,closed,+48 (341) 937-7840,,0,Closed
Lars,Millin,lmillincc@wikimedia.org,lead,+30 (334) 746-6239,,0,Lead
Bernadine,Dilawey,bdilaweycd@ustream.tv,closed,+86 (174) 521-5175,,35,Closed
Cam,Warboy,cwarboyce@youku.com,closed,,,0,Closed
Marcelia,Vass,mvasscf@technorati.com,lead,+48 (793) 360-9567,,0,Lead
Maribelle,Roullier,mroulliercg@w3.org,diligence,,,105,Diligence
Ysabel,Kaine,ykainech@squidoo.com,lead,+62 (900) 647-9001,Dabshots,0,Lead
Ferris,Pulver,fpulverci@businesswire.com,rejected,+1 (744) 426-9385,,60,Rejected
Lexine,Woolliams,lwoolliamscj@narod.ru,closed,+84 (224) 293-2156,,5,Closed
Arda,Yglesias,ayglesiasck@businessinsider.com,closed,,,40,Closed
Renelle,Giacomozzo,rgiacomozzocl@thetimes.co.uk,rejected,,,0,Rejected
Eunice,Moysey,emoyseycm@home.pl,lead,+86 (864) 787-6817,,35,Lead
Wright,Winear,wwinearcn@ustream.tv,contacted,+86 (232) 690-0407,,90,Contacted
Scarlett,Cavendish,scavendishco@huffingtonpost.com,lead,+7 (859) 166-9972,,0,Lead
Charmane,Blackborn,cblackborncp@cam.ac.uk,contacted,,,0,Contacted
Germayne,Kleinsmuntz,gkleinsmuntzcq@icq.com,lead,,,0,Lead
Daren,Begley,dbegleycr@indiegogo.com,diligence,+502 (288) 345-9315,,0,Diligence
Wilmer,Pfaffel,wpfaffelcs@si.edu,lead,,Mydo,0,Lead
Ulrica,Greveson,ugrevesonct@wired.com,rejected,,,0,Rejected
Eugen,Yarranton,eyarrantoncu@clickbank.net,rejected,+30 (655) 634-8888,,0,Rejected
Dew,Gianolo,dgianolocv@newyorker.com,diligence,,Tazz,0,Diligence
Vanna,Sinnott,vsinnottcw@aboutads.info,diligence,+255 (740) 425-4759,,0,Diligence
Sharona,Brookes,sbrookescx@nyu.edu,lead,,,75,Lead
Bryana,Wyrill,bwyrillcy@cdc.gov,closed,+63 (647) 733-9197,Babbleopia,0,Closed
Dulsea,Heathorn,dheathorncz@studiopress.com,closed,,,90,Closed
Eulalie,Boissier,eboissierd0@nationalgeographic.com,rejected,+7 (214) 776-6098,,75,Rejected
Marnie,Brameld,mbrameldd1@washingtonpost.com,closed,+992 (217) 558-1420,,45,Closed
Christy,Blanckley,cblanckleyd2@arizona.edu,contacted,,,0,Contacted
Matelda,Viveash,mviveashd3@cbslocal.com,diligence,+66 (576) 480-5554,Topicstorm,60,Diligence
Gallagher,Hasney,ghasneyd4@purevolume.com,contacted,+7 (580) 835-8044,Gabcube,0,Contacted
Ferdinande,Kybbye,fkybbyed5@booking.com,lead,,Photojam,100,Lead
Kelila,Follows,kfollowsd6@free.fr,contacted,,,0,Contacted
Valenka,Scottini,vscottinid7@reddit.com,contacted,,,0,Contacted
Robbin,Sybbe,rsybbed8@imdb.com,lead,,,40,Lead
Belinda,Jeenes,bjeenesd9@mit.edu,closed,,,0,Closed
Hannis,Gertz,hgertzda@w3.org,rejected,+53 (163) 587-4369,,20,Rejected
Hale,Mignot,hmignotdb@reddit.com,rejected,,,0,Rejected
Raye,Aubray,raubraydc@prnewswire.com,lead,,,40,Lead
Ebba,O'Neal,eonealdd@google.cn,contacted,,,0,Contacted
Bran,McCritichie,bmccritichiede@arstechnica.com,rejected,,,70,Rejected
Madelene,Paulus,mpaulusdf@wix.com,rejected,,,100,Rejected
Karia,Eagles,keaglesdg@comsenz.com,lead,,,70,Lead
Jaye,Krause,jkrausedh@arstechnica.com,closed,,,0,Closed
Arv,Moir,amoirdi@t-online.de,lead,,Jaxbean,0,Lead
Jamima,Raynard,jraynarddj@arstechnica.com,closed,,Jaxworks,0,Closed
Elroy,Beckford,ebeckforddk@ibm.com,rejected,,Digitube,0,Rejected
Friedrick,Haugeh,fhaugehdl@blog.com,closed,,,5,Closed
Samaria,Romi,sromidm@rediff.com,lead,,,50,Lead
Holly,McKoy,hmckoydn@etsy.com,closed,,,0,Closed
Danita,Crafter,dcrafterdo@freewebs.com,closed,,,35,Closed
Pieter,Hornung,phornungdp@bbc.co.uk,diligence,+86 (988) 820-0935,,90,Diligence
Jackson,Bossons,jbossonsdq@plala.or.jp,lead,,,70,Lead
Mikkel,Grayshan,mgrayshandr@whitehouse.gov,rejected,,,95,Rejected
Ursa,Shadfourth,ushadfourthds@imageshack.us,contacted,,,70,Contacted
Ole,Hayselden,ohayseldendt@xrea.com,lead,,,0,Lead
Orren,Sworder,osworderdu@sciencedirect.com,contacted,+7 (880) 447-9504,,25,Contacted
Gerick,Woodroffe,gwoodroffedv@ow.ly,diligence,,Gigashots,80,Diligence
Brock,McCulley,bmcculleydw@parallels.com,diligence,,,45,Diligence
Guntar,Ruppeli,gruppelidx@virginia.edu,lead,+234 (950) 956-7165,,50,Lead
Umeko,Keitch,ukeitchdy@cdc.gov,closed,,,85,Closed
Jori,Porritt,jporrittdz@fc2.com,diligence,+86 (660) 177-0890,Dynava,0,Diligence
Rouvin,Cowle,rcowlee0@businessweek.com,diligence,,,0,Diligence
Auria,Sanja,asanjae1@meetup.com,contacted,+351 (165) 653-9065,,0,Contacted
Karlene,Harvison,kharvisone2@time.com,contacted,+7 (696) 957-5098,,100,Contacted
Hendrik,Lingley,hlingleye3@state.gov,contacted,,,55,Contacted
Philis,Houlston,phoulstone4@patch.com,contacted,+998 (238) 804-5727,,65,Contacted
Carmelita,Marconi,cmarconie5@cbsnews.com,lead,,,0,Lead
Corrie,McClurg,cmcclurge6@quantcast.com,diligence,,,0,Diligence
Jewell,Mayne,jmaynee7@thetimes.co.uk,rejected,,,0,Rejected
Aridatha,Dedenham,adedenhame8@buzzfeed.com,rejected,,,0,Rejected
Tonye,Duxbarry,tduxbarrye9@ustream.tv,lead,,Quatz,0,Lead
Corrianne,Tetford,ctetfordea@phpbb.com,lead,+385 (932) 134-1431,,50,Lead
Iorgo,Gallihawk,igallihawkeb@unblog.fr,rejected,,,65,Rejected
Martguerita,Casa,mcasaec@icio.us,rejected,,,0,Rejected
Orel,Baldacco,obaldaccoed@accuweather.com,rejected,,,10,Rejected
Idalia,Veivers,iveiversee@booking.com,diligence,,,45,Diligence
Ambrosi,Alesin,aalesinef@chicagotribune.com,closed,,,0,Closed
Denna,Boone,dbooneeg@fotki.com,lead,,Vinte,0,Lead
Gabi,Jerams,gjeramseh@paypal.com,rejected,,,70,Rejected
Blondell,Thew,bthewei@mac.com,lead,,,0,Lead
Marnia,Madge,mmadgeej@ehow.com,contacted,+48 (633) 478-1466,,0,Contacted
Stacie,Tonks,stonksek@bloomberg.com,lead,,Gigashots,0,Lead
Calhoun,Chirm,cchirmel@miibeian.gov.cn,rejected,,,0,Rejected
Juli,Cornillot,jcornillotem@cbsnews.com,rejected,+63 (566) 212-2476,Wikibox,0,Rejected
Bobbye,Zanazzi,bzanazzien@blogtalkradio.com,closed,+49 (141) 537-8454,,0,Closed
Elicia,Bortoloni,ebortolonieo@lulu.com,closed,,,45,Closed
Fin,Hosburn,fhosburnep@reverbnation.com,lead,+351 (259) 606-9809,,105,Lead
Kerr,Moggach,kmoggacheq@github.com,closed,,,35,Closed
Delainey,Lorie,dlorieer@bloglovin.com,rejected,+7 (778) 983-1529,,30,Rejected
Camala,Josephsen,cjosephsenes@mediafire.com,contacted,,,0,Contacted
Gianina,Graal,ggraalet@tumblr.com,contacted,+86 (804) 479-8190,Vimbo,0,Contacted
Field,Giampietro,fgiampietroeu@illinois.edu,closed,+93 (667) 819-3632,,15,Closed
Melvyn,Sidworth,msidworthev@tiny.cc,diligence,,,0,Diligence
Fawn,Newvill,fnewvillew@oakley.com,diligence,+31 (881) 679-6398,,0,Diligence
Lonnie,Cestard,lcestardex@dion.ne.jp,rejected,,Centimia,0,Rejected
Daryl,MacLachlan,dmaclachlaney@angelfire.com,rejected,+1 (516) 161-5428,Thoughtstorm,0,Rejected
Hyacinthe,Coniff,hconiffez@xrea.com,closed,,,0,Closed
Venita,Pucknell,vpucknellf0@ox.ac.uk,rejected,,,0,Rejected
Berry,Feasby,bfeasbyf1@ftc.gov,contacted,,,0,Contacted
Berthe,Sporton,bsportonf2@archive.org,contacted,,Meevee,0,Contacted
Cull,Colliard,ccolliardf3@hexun.com,lead,+504 (870) 496-0144,,0,Lead
Stephen,Towse,stowsef4@cdbaby.com,closed,,,10,Closed
Lazare,Geaveny,lgeavenyf5@huffingtonpost.com,lead,,,0,Lead
Gilberta,Colleck,gcolleckf6@soundcloud.com,rejected,+62 (656) 601-0398,,0,Rejected
Marlo,Urquhart,murquhartf7@trellian.com,lead,,,0,Lead
Myrna,Rosendall,mrosendallf8@shutterfly.com,lead,+60 (215) 979-0254,,0,Lead
Kelley,Burdass,kburdassf9@dailymotion.com,contacted,,,100,Contacted
Lamond,Belderson,lbeldersonfa@mashable.com,lead,+56 (490) 826-8071,,0,Lead
Henrieta,Josiah,hjosiahfb@si.edu,contacted,+670 (305) 333-7676,,0,Contacted
Milissent,Campa,mcampafc@homestead.com,rejected,+7 (171) 168-4825,,105,Rejected
Lonnard,Castri,lcastrifd@51.la,closed,,,0,Closed
Mariele,Bockh,mbockhfe@thetimes.co.uk,closed,,Flashset,0,Closed
Isador,McNysche,imcnyscheff@ucla.edu,lead,+1 (617) 108-7010,Buzzbean,0,Lead
Leopold,Klosterman,lklostermanfg@xinhuanet.com,diligence,+351 (309) 799-9547,,0,Diligence
Liesa,Crosser,lcrosserfh@nymag.com,lead,+86 (287) 128-8192,,25,Lead
Marion,Machan,mmachanfi@zimbio.com,contacted,,,25,Contacted
Banky,MacNeish,bmacneishfj@jimdo.com,diligence,+54 (172) 598-9600,Photospace,0,Diligence
Sheffy,McNern,smcnernfk@un.org,rejected,,,10,Rejected
Alfie,Bines,abinesfl@oaic.gov.au,diligence,,,80,Diligence
Randall,Burhill,rburhillfm@slate.com,rejected,,,0,Rejected
Kary,Trenear,ktrenearfn@twitter.com,diligence,+86 (770) 723-0295,,0,Diligence
Glenn,Southerell,gsoutherellfo@livejournal.com,contacted,,,0,Contacted
Alta,Callen,acallenfp@msn.com,contacted,+375 (109) 850-3211,Wikizz,0,Contacted
Monroe,Spencley,mspencleyfq@reverbnation.com,contacted,+48 (867) 783-2815,,0,Contacted
Rana,Pandey,rpandeyfr@xinhuanet.com,rejected,+51 (293) 627-3502,,0,Rejected
Aristotle,Wolters,awoltersfs@bluehost.com,closed,,,0,Closed
Sal,Severwright,sseverwrightft@indiegogo.com,diligence,,,0,Diligence
Edan,Lattimore,elattimorefu@slate.com,contacted,+86 (358) 743-2534,Meembee,0,Contacted
Sigismondo,Taudevin,staudevinfv@unesco.org,diligence,,,55,Diligence
Iolande,Digger,idiggerfw@opera.com,contacted,+7 (767) 697-0707,,0,Contacted
Stanislas,Abendroth,sabendrothfx@nyu.edu,lead,,,0,Lead
Sasha,Cass,scassfy@noaa.gov,contacted,+504 (676) 636-5401,Lazz,100,Contacted
Arron,Fidgeon,afidgeonfz@ovh.net,contacted,,,0,Contacted
Dario,Mandres,dmandresg0@nationalgeographic.com,diligence,,,0,Diligence
Alis,Cliffe,acliffeg1@reverbnation.com,contacted,+86 (524) 594-7908,,0,Contacted
Nels,Filip,nfilipg2@jigsy.com,lead,,Dabvine,100,Lead
Tobias,Bellsham,tbellshamg3@jimdo.com,contacted,,,0,Contacted
Rubetta,Corrado,rcorradog4@xing.com,diligence,+48 (897) 358-8532,,0,Diligence
Hillery,MacMenemy,hmacmenemyg5@lulu.com,lead,,,15,Lead
Percy,Steljes,psteljesg6@ucoz.ru,closed,,,0,Closed
Zed,Bogace,zbogaceg7@lycos.com,lead,,,0,Lead
Holly,Lampens,hlampensg8@dagondesign.com,lead,+62 (623) 591-3443,,0,Lead
Abbie,Nissle,anissleg9@sun.com,rejected,,,45,Rejected
Paulette,Baunton,pbauntonga@reddit.com,lead,+84 (174) 644-7359,,0,Lead
Briano,Scholig,bscholiggb@issuu.com,closed,+48 (249) 385-3862,,0,Closed
Anetta,Delatour,adelatourgc@webnode.com,rejected,,,0,Rejected
Gareth,Bugdell,gbugdellgd@yelp.com,lead,,,75,Lead
Barnaby,Betteson,bbettesonge@furl.net,closed,,,0,Closed
Petrina,Brockie,pbrockiegf@apple.com,rejected,,Skimia,0,Rejected
Vasili,Nancarrow,vnancarrowgg@alibaba.com,diligence,+63 (514) 223-2333,,30,Diligence
Robinet,Dubery,rduberygh@issuu.com,lead,,,0,Lead
Milissent,Penchen,mpenchengi@creativecommons.org,closed,,,0,Closed
Feliks,Cullivan,fcullivangj@cnet.com,closed,,,0,Closed
Ernie,Metts,emettsgk@simplemachines.org,contacted,,Fivespan,0,Contacted
Elana,Guppy,eguppygl@whitehouse.gov,diligence,,Eadel,30,Diligence
Wilfred,Densell,wdensellgm@flavors.me,lead,,,25,Lead
Erhart,Thrussell,ethrussellgn@a8.net,rejected,+63 (646) 548-1661,,75,Rejected
Toby,Bucknill,tbucknillgo@sun.com,rejected,+86 (378) 558-6270,,0,Rejected
Arlin,Mostyn,amostyngp@drupal.org,lead,+33 (641) 775-2563,,10,Lead
Auria,Copplestone,acopplestonegq@mlb.com,closed,,,0,Closed
Dierdre,Seignior,dseigniorgr@soundcloud.com,lead,+380 (657) 433-6233,,0,Lead
Odelle,McQuarter,omcquartergs@washingtonpost.com,lead,,,0,Lead
Erek,Lesser,elessergt@delicious.com,diligence,,Vidoo,0,Diligence
Brig,Goodlet,bgoodletgu@usgs.gov,lead,+30 (965) 105-3497,,0,Lead
Lauraine,Harwick,lharwickgv@ihg.com,diligence,+7 (325) 574-3970,,0,Diligence
Sybilla,Defau,sdefaugw@cbslocal.com,diligence,+7 (187) 668-7171,,0,Diligence
Arni,Domoney,adomoneygx@businessinsider.com,closed,,,25,Closed
Obadias,Benettini,obenettinigy@apache.org,lead,,,0,Lead
Neill,Ainscough,nainscoughgz@xing.com,lead,,Thoughtblab,0,Lead
Holly-anne,Antrack,hantrackh0@virginia.edu,lead,,Devpoint,0,Lead
Ginelle,Gokes,ggokesh1@illinois.edu,diligence,,,0,Diligence
Cori,Townshend,ctownshendh2@alexa.com,closed,+63 (767) 462-3874,,0,Closed
Petunia,Esland,peslandh3@elegantthemes.com,diligence,+55 (179) 601-3445,,40,Diligence
Kennan,Pockett,kpocketth4@utexas.edu,diligence,,,15,Diligence
Cassy,Blenkinsop,cblenkinsoph5@hp.com,diligence,,Tagcat,0,Diligence
Lauretta,De'Vere - Hunt,ldeverehunth6@google.com.br,lead,,,0,Lead
Andy,Ogg,aoggh7@twitpic.com,closed,,Lazzy,0,Closed
Reena,Whapples,rwhapplesh8@yolasite.com,lead,+46 (734) 889-1133,,0,Lead
Nat,Climance,nclimanceh9@amazon.com,rejected,,,35,Rejected
Gale,Leckey,gleckeyha@plala.or.jp,rejected,,Youfeed,30,Rejected
Nancee,Kender,nkenderhb@who.int,contacted,+256 (499) 806-4142,,105,Contacted
Krystal,Asman,kasmanhc@chronoengine.com,rejected,,,60,Rejected
Andros,Velti,aveltihd@paypal.com,closed,+52 (165) 131-4750,,0,Closed
Rachel,Chessor,rchessorhe@cargocollective.com,contacted,,,0,Contacted
Tonya,Lighterness,tlighternesshf@earthlink.net,diligence,+33 (456) 536-8098,,0,Diligence
Julita,Kybbye,jkybbyehg@slideshare.net,rejected,,,85,Rejected
Eugenie,Elcy,eelcyhh@networksolutions.com,contacted,,Eazzy,0,Contacted
Terza,Meuse,tmeusehi@usda.gov,rejected,,,0,Rejected
Vanny,Furnival,vfurnivalhj@theglobeandmail.com,lead,+591 (303) 197-6918,,15,Lead
Ardith,Desvignes,adesvigneshk@house.gov,closed,,,20,Closed
Witty,Attenbarrow,wattenbarrowhl@hibu.com,closed,,,10,Closed
Ruddie,Melville,rmelvillehm@friendfeed.com,contacted,,,30,Contacted
Dev,Daniaud,ddaniaudhn@msu.edu,diligence,,Blognation,45,Diligence
Junia,Dreamer,jdreamerho@fema.gov,closed,+55 (858) 578-3188,Jabbertype,20,Closed
Aileen,Featherstonhaugh,afeatherstonhaughhp@gov.uk,lead,,Flipstorm,85,Lead
Sallee,Bool,sboolhq@gmpg.org,rejected,+385 (392) 839-9040,,0,Rejected
Issie,Florence,iflorencehr@over-blog.com,diligence,+351 (364) 750-6712,,90,Diligence
Sonny,Ogers,sogershs@mtv.com,diligence,,,0,Diligence
Henrik,Agostini,hagostiniht@europa.eu,closed,,,0,Closed
Merlina,Gillyett,mgillyetthu@washington.edu,rejected,+66 (741) 293-5714,,0,Rejected
Tristan,Hazley,thazleyhv@spiegel.de,lead,+63 (218) 986-2461,,0,Lead
Dalton,Lord,dlordhw@dell.com,lead,+48 (595) 627-0899,,0,Lead
Michael,Venney,mvenneyhx@typepad.com,diligence,,,0,Diligence
Avictor,Cuerdall,acuerdallhy@usa.gov,rejected,,Buzzster,0,Rejected
Jelene,Lankester,jlankesterhz@dot.gov,contacted,+502 (489) 159-7425,,0,Contacted
Lula,Paige,lpaigei0@msu.edu,contacted,,,0,Contacted
Gregory,Upstell,gupstelli1@gnu.org,lead,,Yotz,30,Lead
Austine,Vasyutkin,avasyutkini2@phpbb.com,rejected,,,0,Rejected
Dalli,Crevy,dcrevyi3@discuz.net,contacted,+55 (925) 748-1788,,0,Contacted
Kristo,Middleweek,kmiddleweeki4@meetup.com,contacted,+54 (134) 664-7768,,5,Contacted
Drusie,Sheering,dsheeringi5@mapy.cz,contacted,+7 (513) 375-4756,,90,Contacted
Fabiano,Becke,fbeckei6@alibaba.com,lead,,,0,Lead
Allyce,Wrack,awracki7@artisteer.com,contacted,,Bubbletube,0,Contacted
Pedro,Cheasman,pcheasmani8@techcrunch.com,contacted,,Riffpedia,0,Contacted
Rosabel,Yankeev,ryankeevi9@4shared.com,diligence,,,90,Diligence
Lorry,Cultcheth,lcultchethia@gnu.org,contacted,,,0,Contacted
Giulia,Shulem,gshulemib@istockphoto.com,contacted,+86 (366) 303-6916,,0,Contacted
Waldemar,Berns,wbernsic@seattletimes.com,rejected,,,65,Rejected
Vinnie,Spearett,vspearettid@oakley.com,contacted,+221 (555) 680-9159,,60,Contacted
Joyous,Gascard,jgascardie@skype.com,rejected,+51 (744) 574-5837,,105,Rejected
Harvey,Schumacher,hschumacherif@artisteer.com,rejected,,,50,Rejected
Felipe,Kacheller,fkachellerig@wikispaces.com,diligence,+1 (729) 685-9096,,25,Diligence
Menard,Plinck,mplinckih@naver.com,diligence,,,0,Diligence
Marieann,Whiteway,mwhitewayii@yahoo.com,rejected,,Gigabox,0,Rejected
Francisco,McCollum,fmccollumij@guardian.co.uk,lead,,Oodoo,0,Lead
Egan,Blouet,eblouetik@goo.gl,rejected,+63 (178) 908-7740,,0,Rejected
Rudolfo,Copas,rcopasil@freewebs.com,lead,,,0,Lead
Krisha,Heephy,kheephyim@oracle.com,closed,+86 (748) 898-3163,,0,Closed
Nicolea,Lanfear,nlanfearin@hhs.gov,closed,,,85,Closed
Garrard,Cheese,gcheeseio@hp.com,closed,+387 (500) 825-1790,,65,Closed
Brunhilda,Brandi,bbrandiip@surveymonkey.com,rejected,+374 (577) 962-8557,Fadeo,0,Rejected
Christie,Ribbens,cribbensiq@ucoz.ru,contacted,+86 (735) 749-1475,,0,Contacted
Simon,Gipps,sgippsir@google.nl,closed,,,0,Closed
Oswell,Lillgard,olillgardis@edublogs.org,diligence,+62 (175) 719-9594,Kanoodle,0,Diligence
Lorine,Peter,lpeterit@harvard.edu,contacted,,,0,Contacted
Miguela,Rennocks,mrennocksiu@stumbleupon.com,closed,+7 (724) 691-7277,,0,Closed
Donaugh,Abotson,dabotsoniv@psu.edu,lead,+62 (151) 238-2882,,0,Lead
Yolande,Santello,ysantelloiw@cam.ac.uk,lead,,Plambee,65,Lead
Nikolos,Scarsbrick,nscarsbrickix@wix.com,contacted,,,0,Contacted
Shannan,Rusling,sruslingiy@google.pl,closed,+62 (599) 281-5256,,0,Closed
Martainn,Ranscomb,mranscombiz@weibo.com,closed,+1 (347) 574-6783,Meeveo,85,Closed
Vasily,Abyss,vabyssj0@netlog.com,lead,,Quatz,0,Lead
Hildegarde,Foxall,hfoxallj1@gov.uk,rejected,,,0,Rejected
Hillery,Tommaseo,htommaseoj2@hp.com,closed,,,105,Closed
Darwin,Dan,ddanj3@imageshack.us,contacted,,Zoonder,0,Contacted
Errick,McCall,emccallj4@mediafire.com,closed,,,20,Closed
Karlie,Longdon,klongdonj5@desdev.cn,closed,,,0,Closed
Marieann,Sives,msivesj6@wikimedia.org,rejected,+62 (717) 409-2882,,0,Rejected
Riordan,Garbar,rgarbarj7@oaic.gov.au,lead,,,55,Lead
Veda,Le Grys,vlegrysj8@multiply.com,closed,,,0,Closed
Law,Reddyhoff,lreddyhoffj9@symantec.com,closed,,,0,Closed
Raquela,Scryne,rscryneja@springer.com,rejected,+93 (107) 283-4720,,5,Rejected
Rustin,Philipeau,rphilipeaujb@rakuten.co.jp,closed,+86 (296) 976-9547,,10,Closed
Chen,Ghidotti,cghidottijc@google.ru,lead,+32 (811) 642-4894,,0,Lead
Dorolice,Deighton,ddeightonjd@blogspot.com,closed,,,0,Closed
Willamina,Tomczak,wtomczakje@ezinearticles.com,closed,+48 (181) 702-2269,,0,Closed
Salome,Dorgon,sdorgonjf@etsy.com,contacted,,Oozz,0,Contacted
Winne,Wudeland,wwudelandjg@cnbc.com,contacted,+86 (352) 761-1050,,0,Contacted
Lanita,Chipchase,lchipchasejh@uiuc.edu,rejected,+226 (362) 605-1737,,90,Rejected
Padgett,McPake,pmcpakeji@pcworld.com,contacted,,Thoughtstorm,50,Contacted
Larissa,Facey,lfaceyjj@infoseek.co.jp,contacted,,,40,Contacted
Harwell,Legg,hleggjk@icq.com,diligence,+54 (838) 265-0218,,0,Diligence
Angelico,Fowle,afowlejl@ameblo.jp,closed,,,25,Closed
Reine,Ferrillio,rferrilliojm@xing.com,lead,,,0,Lead
Law,Minton,lmintonjn@cpanel.net,rejected,,,0,Rejected
Teirtza,Frane,tfranejo@booking.com,rejected,,,35,Rejected
Ursula,Learoid,ulearoidjp@aboutads.info,closed,+1 (405) 334-4789,Roodel,0,Closed
Bambi,Aubri,baubrijq@sogou.com,closed,+351 (540) 765-4316,,30,Closed
Towny,Leming,tlemingjr@hp.com,rejected,,,0,Rejected
Mari,Wardesworth,mwardesworthjs@fastcompany.com,lead,+57 (651) 319-1299,,0,Lead
Imogen,Edds,ieddsjt@rakuten.co.jp,lead,,,50,Lead
Nadean,Greenaway,ngreenawayju@state.tx.us,diligence,+86 (413) 465-8875,,60,Diligence
Brita,Beven,bbevenjv@liveinternet.ru,contacted,,,30,Contacted
Tiffi,Peagrim,tpeagrimjw@blogs.com,rejected,,,0,Rejected
Minna,Couser,mcouserjx@biglobe.ne.jp,contacted,,,0,Contacted
Marley,Heinritz,mheinritzjy@theglobeandmail.com,closed,,Eimbee,0,Closed
Beatriz,Ortega,bortegajz@redcross.org,diligence,,,0,Diligence
Giorgio,Staton,gstatonk0@blog.com,contacted,,Plajo,35,Contacted
Tab,Oldknow,toldknowk1@hhs.gov,closed,,,30,Closed
Agace,Gerssam,agerssamk2@mozilla.org,rejected,,,85,Rejected
Ardath,Perryn,aperrynk3@biblegateway.com,contacted,,,80,Contacted
Flossi,Giacoppoli,fgiacoppolik4@si.edu,lead,,,0,Lead
Lucilia,Eriksson,lerikssonk5@usda.gov,contacted,+225 (283) 419-6725,Tagopia,0,Contacted
Saunder,Stockdale,sstockdalek6@cbslocal.com,closed,,,55,Closed
Rocky,Nappin,rnappink7@moonfruit.com,contacted,,,0,Contacted
Kerrill,Saker,ksakerk8@shareasale.com,lead,,,55,Lead
Riobard,Baumford,rbaumfordk9@apple.com,lead,,Innojam,0,Lead
Darleen,MacSwayde,dmacswaydeka@umich.edu,rejected,,Fanoodle,0,Rejected
Buddy,Faughny,bfaughnykb@google.com.br,lead,,,85,Lead
Dorotea,Phipp,dphippkc@slideshare.net,diligence,+86 (914) 767-4916,Fivespan,0,Diligence
Abramo,Lidgard,alidgardkd@cafepress.com,lead,+48 (306) 150-6138,Avavee,0,Lead
Abelard,Chater,achaterke@wikispaces.com,lead,+351 (587) 266-3062,,0,Lead
Norry,Greenrod,ngreenrodkf@squarespace.com,closed,,,0,Closed
Obadias,Colchett,ocolchettkg@friendfeed.com,diligence,,,0,Diligence
Paige,Shalloo,pshallookh@accuweather.com,closed,,,100,Closed
Clark,McQueen,cmcqueenki@imgur.com,lead,,Fanoodle,0,Lead
Arden,Dakhno,adakhnokj@google.cn,lead,,,0,Lead
Luella,Bosher,lbosherkk@xing.com,closed,+86 (520) 663-4324,Dynazzy,0,Closed
Ester,Giacoppoli,egiacoppolikl@usnews.com,closed,+27 (436) 750-1680,Skyvu,10,Closed
Liliane,Demer,ldemerkm@dagondesign.com,diligence,+7 (994) 192-3944,,75,Diligence
Chrissie,Standfield,cstandfieldkn@pcworld.com,rejected,+351 (727) 861-1627,,0,Rejected
Norene,MacParland,nmacparlandko@feedburner.com,closed,+55 (807) 636-6595,,35,Closed
Kimball,Orchard,korchardkp@google.co.jp,lead,,,0,Lead
Konstance,Farris,kfarriskq@google.com.hk,closed,,,0,Closed
Hadlee,Mill,hmillkr@sogou.com,contacted,+57 (816) 201-2206,,75,Contacted
Ludwig,Vockins,lvockinsks@google.pl,diligence,,,30,Diligence
Wandie,Mattam,wmattamkt@census.gov,closed,+62 (785) 851-6009,Eadel,0,Closed
Rayna,Schurcke,rschurckeku@google.ru,contacted,,Skinix,90,Contacted
Marlyn,Daltrey,mdaltreykv@reverbnation.com,closed,+229 (628) 117-5946,,0,Closed
Sarine,Mansour,smansourkw@usatoday.com,diligence,+970 (755) 837-7562,,0,Diligence
Barby,Copperwaite,bcopperwaitekx@time.com,closed,+62 (787) 269-3490,,0,Closed
Tana,Joubert,tjoubertky@elpais.com,closed,,,0,Closed
Ashlee,Hearsum,ahearsumkz@mail.ru,contacted,,,0,Contacted
Nadia,Ensten,nenstenl0@bing.com,contacted,,,55,Contacted
Wini,Darnborough,wdarnboroughl1@unblog.fr,contacted,,,5,Contacted
Priscella,Fend,pfendl2@washington.edu,lead,+251 (499) 239-8987,,90,Lead
Melodee,Ianittello,mianittellol3@virginia.edu,contacted,,Ozu,0,Contacted
Sauncho,Greatbach,sgreatbachl4@illinois.edu,closed,,,50,Closed
Morrie,Caccavella,mcaccavellal5@networksolutions.com,rejected,+63 (416) 914-5652,,0,Rejected
Son,Klauer,sklauerl6@goo.gl,rejected,,,0,Rejected
Latrina,Mewes,lmewesl7@skyrock.com,closed,,,105,Closed
Estele,Davenhall,edavenhalll8@army.mil,closed,,,30,Closed
Vivianna,Smalles,vsmallesl9@nationalgeographic.com,contacted,,,0,Contacted
Curtis,Popescu,cpopescula@ycombinator.com,lead,+86 (802) 408-2265,,0,Lead
Helge,Kellart,hkellartlb@google.com.au,contacted,+970 (774) 201-5971,,0,Contacted
Fielding,Lambart,flambartlc@free.fr,closed,,,20,Closed
Coleman,Niles,cnilesld@twitter.com,closed,,,0,Closed
Tallou,Burbage,tburbagele@scribd.com,contacted,,,105,Contacted
Larry,Rickersy,lrickersylf@chicagotribune.com,diligence,,Gabtype,0,Diligence
Charmion,Purselow,cpurselowlg@vistaprint.com,contacted,,,75,Contacted
Frederick,Adds,faddslh@nps.gov,closed,+81 (402) 965-2315,Tanoodle,85,Closed
Farlie,Dowsett,fdowsettli@guardian.co.uk,contacted,+86 (957) 484-2927,Edgetag,35,Contacted
Jethro,Riggey,jriggeylj@jigsy.com,rejected,+86 (413) 325-9320,,0,Rejected
Christopher,Kernaghan,ckernaghanlk@tmall.com,contacted,+62 (192) 877-9121,,0,Contacted
Ginger,Breche,gbrechell@hhs.gov,lead,+380 (110) 362-4270,Agimba,0,Lead
Glennis,Dood,gdoodlm@tumblr.com,rejected,+66 (517) 659-8152,,35,Rejected
Bob,Finci,bfinciln@chicagotribune.com,contacted,+20 (182) 811-6966,,0,Contacted
Clair,Forre,cforrelo@barnesandnoble.com,closed,+81 (894) 226-9726,,5,Closed
Vera,Penhalewick,vpenhalewicklp@elegantthemes.com,contacted,+385 (839) 163-2949,,0,Contacted
Laney,Mitford,lmitfordlq@cbc.ca,closed,,Flashpoint,35,Closed
Anna,Gartsyde,agartsydelr@bandcamp.com,rejected,+62 (753) 122-6868,,0,Rejected
Stu,Blainey,sblaineyls@shinystat.com,lead,,,35,Lead
Darla,Muncaster,dmuncasterlt@bravesites.com,diligence,+963 (733) 210-7656,,0,Diligence
Tildy,Bebbington,tbebbingtonlu@slashdot.org,closed,+63 (149) 120-5759,,0,Closed
Dulci,Raincin,draincinlv@issuu.com,diligence,,,55,Diligence
Amos,Wychard,awychardlw@sogou.com,diligence,,,0,Diligence
Rey,Brannigan,rbranniganlx@example.com,rejected,,,5,Rejected
Channa,Phelp,cphelply@thetimes.co.uk,closed,+52 (590) 201-9464,,95,Closed
Allen,Tincknell,atincknelllz@google.fr,lead,+86 (252) 743-0708,,5,Lead
Andrey,Priest,apriestm0@mashable.com,diligence,,,0,Diligence
Gilberte,Suche,gsuchem1@phoca.cz,closed,,Edgeblab,0,Closed
Ellene,McSperrin,emcsperrinm2@redcross.org,closed,,Jaxworks,0,Closed
Eugenius,Dietmar,edietmarm3@shinystat.com,contacted,+86 (338) 874-6188,Mybuzz,0,Contacted
Cosimo,Dignon,cdignonm4@foxnews.com,diligence,+63 (105) 940-9728,,0,Diligence
Trent,Bedow,tbedowm5@shareasale.com,closed,+84 (913) 210-1066,,0,Closed
Hilde,Abrashkin,habrashkinm6@unc.edu,contacted,+234 (764) 689-1091,,10,Contacted
Belia,Waycot,bwaycotm7@nymag.com,contacted,,,0,Contacted
Viviene,Hallgath,vhallgathm8@chronoengine.com,diligence,+86 (785) 584-7228,Talane,65,Diligence
Jefferson,Wolfit,jwolfitm9@digg.com,closed,+51 (612) 410-3857,,0,Closed
Tasia,Smooth,tsmoothma@people.com.cn,lead,,,0,Lead
Thadeus,Kalisch,tkalischmb@1688.com,rejected,+62 (674) 701-5221,,0,Rejected
Klarrisa,Anespie,kanespiemc@blinklist.com,rejected,,,65,Rejected
Georgette,Otridge,gotridgemd@liveinternet.ru,contacted,,,0,Contacted
Inna,Osgardby,iosgardbyme@techcrunch.com,diligence,,Latz,80,Diligence
Jerry,Peckett,jpeckettmf@timesonline.co.uk,rejected,+86 (239) 713-3121,,45,Rejected
Helene,Reith,hreithmg@linkedin.com,rejected,+86 (177) 695-2038,,0,Rejected
Bernete,Nannizzi,bnannizzimh@reference.com,rejected,+86 (162) 831-6483,Flashset,0,Rejected
Ellswerth,Dulwich,edulwichmi@seesaa.net,contacted,,,0,Contacted
Lucio,Chiommienti,lchiommientimj@seesaa.net,lead,,,100,Lead
Brittni,Giblin,bgiblinmk@yandex.ru,closed,,,85,Closed
Ros,Markwelley,rmarkwelleyml@ebay.com,rejected,+31 (209) 699-9946,Leexo,70,Rejected
Kassandra,Killeley,kkilleleymm@unesco.org,diligence,,Jabbersphere,0,Diligence
Mignon,Britney,mbritneymn@reference.com,diligence,,,0,Diligence
Gabrila,Cracie,gcraciemo@usgs.gov,closed,,Avamm,0,Closed
Johnna,Grogona,jgrogonamp@yellowbook.com,rejected,,,0,Rejected
Marcellus,Jeandet,mjeandetmq@ihg.com,contacted,,Voonyx,0,Contacted
Rad,Ainley,rainleymr@bbc.co.uk,lead,,Skinix,85,Lead
Meir,Helliker,mhellikerms@amazon.co.uk,closed,+63 (933) 446-4183,,60,Closed
Wandis,Benedek,wbenedekmt@harvard.edu,diligence,,,0,Diligence
Berton,Brice,bbricemu@prweb.com,closed,,,0,Closed
Von,Hoggan,vhogganmv@discovery.com,diligence,+63 (620) 829-0227,,0,Diligence
Blondy,Falconbridge,bfalconbridgemw@google.ru,contacted,,,0,Contacted
Essie,Measham,emeashammx@uol.com.br,contacted,,,65,Contacted
Heywood,Loxly,hloxlymy@pen.io,closed,+82 (155) 535-4555,,0,Closed
Drusi,Faier,dfaiermz@tinyurl.com,contacted,+55 (411) 390-2638,,105,Contacted
Yasmeen,Simonaitis,ysimonaitisn0@sina.com.cn,diligence,,,90,Diligence
Trev,Messer,tmessern1@ted.com,diligence,,,50,Diligence
Luther,covino,lcovinon2@wikispaces.com,rejected,+236 (790) 360-0225,,0,Rejected
Mariya,Saunper,msaunpern3@guardian.co.uk,contacted,+380 (897) 877-2121,,0,Contacted
Morse,Veart,mveartn4@vkontakte.ru,rejected,+33 (677) 783-1973,,0,Rejected
Opaline,Kleinhausen,okleinhausenn5@g.co,lead,+351 (288) 203-1620,,65,Lead
Ronica,Vaughton,rvaughtonn6@last.fm,diligence,+62 (578) 193-4639,Chatterpoint,0,Diligence
Corilla,Rosone,crosonen7@cafepress.com,closed,+86 (877) 143-9970,Youspan,0,Closed
Roscoe,Surgey,rsurgeyn8@clickbank.net,diligence,+963 (624) 868-2273,Aibox,0,Diligence
Egan,Korous,ekorousn9@digg.com,lead,,Voonix,0,Lead
Montgomery,Jukubczak,mjukubczakna@sitemeter.com,diligence,+63 (966) 625-1508,,0,Diligence
Papagena,McNay,pmcnaynb@hexun.com,diligence,+86 (567) 176-0443,Youopia,90,Diligence
Josy,Corain,jcorainnc@comcast.net,rejected,,,0,Rejected
Lila,Downs,ldownsnd@sphinn.com,closed,+63 (330) 418-7800,,10,Closed
Stu,Stritton,sstrittonne@tumblr.com,rejected,,,0,Rejected
Farly,Lilbourne,flilbournenf@mapy.cz,closed,,Feedmix,0,Closed
Melesa,Percival,mpercivalng@prlog.org,rejected,,,0,Rejected
Bekki,Ceillier,bceilliernh@omniture.com,lead,+81 (751) 585-0685,,25,Lead
Simonette,Stobbes,sstobbesni@github.io,lead,,,0,Lead
Denni,Sleicht,dsleichtnj@utexas.edu,contacted,+86 (415) 823-5281,,0,Contacted
Kilian,Lodo,klodonk@tmall.com,closed,,,0,Closed
Sylvan,Housam,shousamnl@tamu.edu,lead,+86 (572) 178-8410,,85,Lead
Daffi,Wyman,dwymannm@hhs.gov,lead,+962 (460) 903-4125,,35,Lead
Jayson,Likly,jliklynn@state.tx.us,contacted,+62 (740) 719-6130,Abata,0,Contacted
Cam,Pozer,cpozerno@storify.com,contacted,,Avaveo,85,Contacted
Aleece,Laughlan,alaughlannp@oracle.com,closed,,Edgewire,0,Closed
Torre,Lacroutz,tlacroutznq@answers.com,closed,+46 (757) 997-7399,Katz,0,Closed
Karlan,Adlem,kadlemnr@taobao.com,rejected,+963 (850) 918-3094,Eamia,75,Rejected
Susana,Geratt,sgerattns@goodreads.com,diligence,,,20,Diligence
Madlin,Happel,mhappelnt@google.ca,contacted,,,0,Contacted
Richardo,Bergen,rbergennu@tumblr.com,closed,,Browsecat,20,Closed
Kalinda,Stefanovic,kstefanovicnv@imdb.com,closed,,Kayveo,50,Closed
Martita,Gregol,mgregolnw@friendfeed.com,contacted,,,0,Contacted
Sandra,Baleine,sbaleinenx@sitemeter.com,diligence,,Dynava,75,Diligence
Deb,Witherbed,dwitherbedny@ow.ly,closed,,,0,Closed
Fanya,Upton,fuptonnz@mapy.cz,lead,,,0,Lead
Jerrilee,Horbart,jhorbarto0@opensource.org,closed,,,100,Closed
Ailee,Fuentes,afuenteso1@tinyurl.com,contacted,,,0,Contacted
Shirley,Rainsbury,srainsburyo2@scribd.com,diligence,,,0,Diligence
Isacco,Ferandez,iferandezo3@house.gov,closed,+62 (330) 452-3790,Brightdog,80,Closed
Thaine,Sibbit,tsibbito4@furl.net,lead,,,5,Lead
Stacy,Petts,spettso5@squidoo.com,diligence,+234 (350) 368-8919,Babblestorm,90,Diligence
Grove,Crayton,gcraytono6@shinystat.com,rejected,,,0,Rejected
Lonna,Paolone,lpaoloneo7@hc360.com,diligence,+55 (480) 518-7118,,15,Diligence
Randa,Lydiatt,rlydiatto8@tumblr.com,lead,,,0,Lead
Stafford,Labb,slabbo9@seattletimes.com,diligence,+63 (169) 486-0457,,10,Diligence
Agnesse,Mewe,ameweoa@wix.com,contacted,,,0,Contacted
Fitz,Forrington,fforringtonob@bravesites.com,lead,+46 (832) 351-0356,,0,Lead
Lynne,Stedson,lstedsonoc@chronoengine.com,closed,+62 (429) 648-5708,,105,Closed
Tait,Botwright,tbotwrightod@thetimes.co.uk,closed,,,0,Closed
Orel,Bemment,obemmentoe@goo.ne.jp,closed,,,65,Closed
Dulce,Traske,dtraskeof@accuweather.com,diligence,,Talane,0,Diligence
Phebe,Flippini,pflippiniog@over-blog.com,lead,+970 (974) 344-5946,,0,Lead
Aldo,Luton,alutonoh@ning.com,closed,,,55,Closed
Kilian,Gogay,kgogayoi@themeforest.net,lead,,,60,Lead
Jacquie,Grimstead,jgrimsteadoj@smh.com.au,closed,,Fadeo,65,Closed
Hillery,Letterese,hlettereseok@sfgate.com,contacted,+509 (125) 714-8773,Devify,55,Contacted
Rosalynd,Surfleet,rsurfleetol@weebly.com,closed,,,0,Closed
Aileen,Beningfield,abeningfieldom@a8.net,contacted,+380 (493) 897-8640,Geba,85,Contacted
Damita,Pena,dpenaon@netlog.com,closed,,Kayveo,0,Closed
Kate,Liffey,kliffeyoo@desdev.cn,diligence,+62 (338) 155-0429,,0,Diligence
Walliw,Eliassen,weliassenop@smh.com.au,diligence,+86 (460) 728-5235,,0,Diligence
Laura,Tingle,ltingleoq@java.com,contacted,+263 (321) 890-0887,,0,Contacted
Griswold,Coger,gcogeror@berkeley.edu,closed,+63 (814) 525-9002,,0,Closed
Alie,Ceyssen,aceyssenos@hp.com,diligence,+48 (871) 569-0821,,0,Diligence
Early,Orcas,eorcasot@sina.com.cn,closed,,,55,Closed
Wilmer,Esch,weschou@marketwatch.com,diligence,,Kwinu,0,Diligence
Ibbie,Lemmens,ilemmensov@wsj.com,rejected,,,0,Rejected
Zelda,Buckett,zbuckettow@cyberchimps.com,diligence,+86 (840) 854-5886,Gabcube,70,Diligence
Coreen,Banbury,cbanburyox@bloomberg.com,closed,+86 (922) 821-4189,,0,Closed
Constantin,Gameson,cgamesonrq@oracle.com,rejected,,,15,Rejected
Zabrina,Tolomelli,ztolomellirr@comsenz.com,contacted,+86 (463) 256-5398,,0,Contacted